<?xml version="1.0"?>
<sequence version="3.00" name="Standard Client Task Sequence" description="A complete task sequence for deploying a client operating system">
  <globalVarList>
    <variable name="OSGUID" property="OSGUID">{7c13708f-7085-4a15-9953-b6c4775021b7}</variable>
    <variable name="DestinationDisk" property="DestinationDisk">0</variable>
    <variable name="DestinationPartition" property="DestinationPartition">1</variable>
    <variable name="DestinationOSVariable" property="DestinationOSVariable">OSDisk</variable>
    <variable name="DestinationOSRefresh" property="DestinationOSRefresh"></variable>
    <variable name="DestinationOSDriveLetter" property="DestinationOSDriveLetter"></variable>
    <variable name="DestinationOSInstallType" property="DestinationOSInstallType">ByVariable</variable>
    <variable name="OSGUID" property="OSGUID">{7c13708f-7085-4a15-9953-b6c4775021b7}</variable>
  </globalVarList>
  <group name="Initialization" disable="false" continueOnError="false" description="Initialize the TS environment" expand="false">
    <step type="BDD_Gather" name="Gather local only" disable="false" continueOnError="false" successCodeList="0 3010" description="" startIn="">
      <defaultVarList>
        <variable name="GatherLocalOnly" property="GatherLocalOnly">true</variable>
        <variable name="RulesFile" property="RulesFile"></variable>
      </defaultVarList>
      <action>cscript.exe "%SCRIPTROOT%\ZTIGather.wsf"</action>
    </step>
    <step type="SMS_TaskSequence_RunCommandLineAction" name="Create &quot;Z:\Logs\%OsdComputerName%.tag&quot;" description="" disable="false" continueOnError="true" startIn="" successCodeList="0 3010" runIn="WinPEandFullOS">
      <defaultVarList>
        <variable name="PackageID" property="PackageID" />
        <variable name="RunAsUser" property="RunAsUser">false</variable>
        <variable name="SMSTSRunCommandLineUserName" property="SMSTSRunCommandLineUserName"></variable>
        <variable name="SMSTSRunCommandLineUserPassword" property="SMSTSRunCommandLineUserPassword"></variable>
        <variable name="LoadProfile" property="LoadProfile">false</variable>
      </defaultVarList>
      <action>cmd /c echo. &gt; "Z:\Logs\%OsdComputerName%.tag"</action>
    </step>
    <group expand="false" name="Tpm 2.0 -&gt; 1.2" description="" disable="false" continueOnError="false">
      <step type="SMS_TaskSequence_RunCommandLineAction" name="ZTICheckBattery.wsf" description="" disable="false" continueOnError="false" startIn="" successCodeList="0 3010" runIn="WinPEandFullOS">
        <action>cscript.exe //nologo "%SCRIPTROOT%\ZTICheckBattery.wsf" </action>
        <defaultVarList>
          <variable name="RunAsUser" property="RunAsUser">false</variable>
          <variable name="SMSTSRunCommandLineUserName" property="SMSTSRunCommandLineUserName"></variable>
          <variable name="SMSTSRunCommandLineUserPassword" property="SMSTSRunCommandLineUserPassword"></variable>
          <variable name="LoadProfile" property="LoadProfile">false</variable>
        </defaultVarList>
      </step>
      <action />
      <condition>
        <operator type="and">
          <expression type="SMS_TaskSequence_WMIConditionExpression">
            <variable name="Namespace">root\CIMV2\Security\MicrosoftTpm</variable>
            <variable name="Query">SELECT * FROM Win32_Tpm WHERE NOT SpecVersion LIKE "1.2"</variable>
          </expression>
          <expression type="SMS_TaskSequence_VariableConditionExpression">
            <variable name="Variable">Make</variable>
            <variable name="Operator">equals</variable>
            <variable name="Value">Panasonic Corporation</variable>
          </expression>
        </operator>
      </condition>
      <step type="SMS_TaskSequence_RunCommandLineAction" name="Downgrade Tpm to 1.2" description="" disable="false" continueOnError="false" startIn="" successCodeList="0 3010 2" runIn="WinPEandFullOS">
        <defaultVarList>
          <variable name="PackageID" property="PackageID" />
          <variable name="RunAsUser" property="RunAsUser">false</variable>
          <variable name="SMSTSRunCommandLineUserName" property="SMSTSRunCommandLineUserName"></variable>
          <variable name="SMSTSRunCommandLineUserPassword" property="SMSTSRunCommandLineUserPassword"></variable>
          <variable name="LoadProfile" property="LoadProfile">false</variable>
        </defaultVarList>
        <action>"%SCRIPTROOT%\TPMFUFac64.exe" -d</action>
        <condition />
      </step>
    </group>
  </group>
  <group name="Validation" disable="false" continueOnError="false" description="" expand="false">
    <condition>
      <operator type="or">
        <expression type="SMS_TaskSequence_VariableConditionExpression">
          <variable name="Variable">PHASE</variable>
          <variable name="Operator">equals</variable>
          <variable name="Value">VALIDATION</variable>
        </expression>
      </operator>
    </condition>
    <step type="BDD_Validate" name="Validate" successCodeList="0 3010" description="" startIn="" disable="false" continueOnError="false">
      <defaultVarList>
        <variable name="ImageSize" property="ImageSize">0</variable>
        <variable name="ImageProcessorSpeed" property="ImageProcessorSpeed">800</variable>
        <variable name="ImageMemory" property="ImageMemory">768</variable>
        <variable name="VerifyOS" property="VerifyOS">CLIENT</variable>
      </defaultVarList>
      <action>cscript.exe "%SCRIPTROOT%\ZTIValidate.wsf"</action>
    </step>
    <step name="Check BIOS" disable="false" continueOnError="false" successCodeList="0 3010" description="" startIn="">
      <action>cscript.exe "%SCRIPTROOT%\ZTIBIOSCheck.wsf"</action>
      <defaultVarList>
        <variable name="RunAsUser" property="RunAsUser">false</variable>
        <variable name="SMSTSRunCommandLineUserName" property="SMSTSRunCommandLineUserName"></variable>
        <variable name="SMSTSRunCommandLineUserPassword" property="SMSTSRunCommandLineUserPassword"></variable>
        <variable name="LoadProfile" property="LoadProfile">false</variable>
      </defaultVarList>
    </step>
    <step name="Next Phase" disable="false" continueOnError="false" successCodeList="0 3010" description="" startIn="">
      <action>cscript.exe "%SCRIPTROOT%\ZTINextPhase.wsf"</action>
      <defaultVarList>
        <variable name="RunAsUser" property="RunAsUser">false</variable>
        <variable name="SMSTSRunCommandLineUserName" property="SMSTSRunCommandLineUserName"></variable>
        <variable name="SMSTSRunCommandLineUserPassword" property="SMSTSRunCommandLineUserPassword"></variable>
        <variable name="LoadProfile" property="LoadProfile">false</variable>
      </defaultVarList>
    </step>
  </group>
  <group name="State Capture" description="" disable="false" continueOnError="false" expand="false">
    <condition>
      <expression type="SMS_TaskSequence_VariableConditionExpression">
        <variable name="Variable">PHASE</variable>
        <variable name="Operator">equals</variable>
        <variable name="Value">STATECAPTURE</variable>
      </expression>
    </condition>
    <step type="SMS_TaskSequence_RunCommandLineAction" name="Generate Application Migration File" description="" disable="false" continueOnError="false" successCodeList="0 3010" runIn="WinPEandFullOS" startIn="">
      <defaultVarList>
        <variable name="PackageID" property="PackageID"></variable>
        <variable name="RunAsUser" property="RunAsUser">false</variable>
        <variable name="SMSTSRunCommandLineUserName" property="SMSTSRunCommandLineUserName"></variable>
        <variable name="SMSTSRunCommandLineUserPassword" property="SMSTSRunCommandLineUserPassword"></variable>
        <variable name="LoadProfile" property="LoadProfile">false</variable>
      </defaultVarList>
      <action>cscript.exe "%SCRIPTROOT%\ZTIAppXmlGen.wsf" /capture</action>
    </step>
    <step name="Capture User State" successCodeList="0 3010" description="" startIn="" disable="false" continueOnError="false">
      <condition>
        <expression type="SMS_TaskSequence_VariableConditionExpression">
          <variable name="Variable">USMTOfflineMigration</variable>
          <variable name="Operator">notEquals</variable>
          <variable name="Value">TRUE</variable>
        </expression>
      </condition>
      <action>cscript.exe "%SCRIPTROOT%\ZTIUserState.wsf" /capture</action>
      <defaultVarList>
        <variable name="RunAsUser" property="RunAsUser">false</variable>
        <variable name="SMSTSRunCommandLineUserName" property="SMSTSRunCommandLineUserName"></variable>
        <variable name="SMSTSRunCommandLineUserPassword" property="SMSTSRunCommandLineUserPassword"></variable>
        <variable name="LoadProfile" property="LoadProfile">false</variable>
      </defaultVarList>
    </step>
    <step name="Capture Groups" disable="false" continueOnError="false" successCodeList="0 3010" description="" startIn="">
      <action>cscript.exe "%SCRIPTROOT%\ZTIGroups.wsf" /capture</action>
      <defaultVarList>
        <variable name="RunAsUser" property="RunAsUser">false</variable>
        <variable name="SMSTSRunCommandLineUserName" property="SMSTSRunCommandLineUserName"></variable>
        <variable name="SMSTSRunCommandLineUserPassword" property="SMSTSRunCommandLineUserPassword"></variable>
        <variable name="LoadProfile" property="LoadProfile">false</variable>
      </defaultVarList>
    </step>
    <step name="Capture Network Settings" description="" runIn="WinPEandFullOS" successCodeList="0 3010">
      <action>cscript.exe "%ScriptRoot%\ZTINicConfig.wsf"</action>
      <defaultVarList>
        <variable name="RunAsUser" property="RunAsUser">false</variable>
        <variable name="SMSTSRunCommandLineUserName" property="SMSTSRunCommandLineUserName"></variable>
        <variable name="SMSTSRunCommandLineUserPassword" property="SMSTSRunCommandLineUserPassword"></variable>
        <variable name="LoadProfile" property="LoadProfile">false</variable>
      </defaultVarList>
    </step>
    <group name="Refresh only" disable="false" continueOnError="false" description="" expand="false">
      <condition>
        <expression type="SMS_TaskSequence_VariableConditionExpression">
          <variable name="Variable">DeploymentType</variable>
          <variable name="Operator">equals</variable>
          <variable name="Value">REFRESH</variable>
        </expression>
      </condition>
      <step type="SMS_TaskSequence_RunCommandLineAction" name="Disable BDE Protectors" description="" disable="false" continueOnError="false" startIn="" successCodeList="0 3010" runIn="WinPEandFullOS">
        <defaultVarList>
          <variable name="PackageID" property="PackageID"></variable>
          <variable name="RunAsUser" property="RunAsUser">false</variable>
          <variable name="SMSTSRunCommandLineUserName" property="SMSTSRunCommandLineUserName"></variable>
          <variable name="SMSTSRunCommandLineUserPassword" property="SMSTSRunCommandLineUserPassword"></variable>
          <variable name="LoadProfile" property="LoadProfile">false</variable>
        </defaultVarList>
        <action>cscript.exe "%SCRIPTROOT%\ZTIDisableBDEProtectors.wsf"</action>
      </step>
      <step name="Apply Windows PE" disable="false" continueOnError="false" successCodeList="0 3010" description="" startIn="">
        <action>cscript.exe "%SCRIPTROOT%\LTIApply.wsf" /PE</action>
        <defaultVarList>
          <variable name="RunAsUser" property="RunAsUser">false</variable>
          <variable name="SMSTSRunCommandLineUserName" property="SMSTSRunCommandLineUserName"></variable>
          <variable name="SMSTSRunCommandLineUserPassword" property="SMSTSRunCommandLineUserPassword"></variable>
          <variable name="LoadProfile" property="LoadProfile">false</variable>
        </defaultVarList>
      </step>
    </group>
    <step name="Next Phase" disable="false" continueOnError="false" successCodeList="0 3010" description="" startIn="">
      <action>cscript.exe "%SCRIPTROOT%\ZTINextPhase.wsf"</action>
      <defaultVarList>
        <variable name="RunAsUser" property="RunAsUser">false</variable>
        <variable name="SMSTSRunCommandLineUserName" property="SMSTSRunCommandLineUserName"></variable>
        <variable name="SMSTSRunCommandLineUserPassword" property="SMSTSRunCommandLineUserPassword"></variable>
        <variable name="LoadProfile" property="LoadProfile">false</variable>
      </defaultVarList>
    </step>
    <group name="Refresh only" disable="false" continueOnError="false" expand="false" description="">
      <condition>
        <expression type="SMS_TaskSequence_VariableConditionExpression">
          <variable name="Variable">DeploymentType</variable>
          <variable name="Operator">equals</variable>
          <variable name="Value">REFRESH</variable>
        </expression>
      </condition>
      <step type="SMS_TaskSequence_RebootAction" name="Restart computer" description="" disable="false" continueOnError="false" runIn="WinPEandFullOS" successCodeList="0 3010">
        <defaultVarList>
          <variable name="Message" property="Message"></variable>
          <variable name="MessageTimeout" property="MessageTimeout">60</variable>
          <variable name="Target" property="Target"></variable>
        </defaultVarList>
        <action>smsboot.exe /target:WinPE</action>
      </step>
    </group>
  </group>
  <group name="Preinstall" disable="false" continueOnError="false" description="" expand="false">
    <condition>
      <expression type="SMS_TaskSequence_VariableConditionExpression">
        <variable name="Variable">PHASE</variable>
        <variable name="Operator">equals</variable>
        <variable name="Value">PREINSTALL</variable>
      </expression>
    </condition>
    <step type="BDD_Gather" name="Gather local only" disable="false" continueOnError="false" successCodeList="0 3010" description="" startIn="">
      <defaultVarList>
        <variable name="GatherLocalOnly" property="GatherLocalOnly">true</variable>
        <variable name="RulesFile" property="RulesFile"></variable>
      </defaultVarList>
      <action>cscript.exe "%SCRIPTROOT%\ZTIGather.wsf"</action>
    </step>
    <group name="New Computer only" disable="false" continueOnError="false" description="" expand="false">
      <condition>
        <expression type="SMS_TaskSequence_VariableConditionExpression">
          <variable name="Variable">DeploymentType</variable>
          <variable name="Operator">equals</variable>
          <variable name="Value">NEWCOMPUTER</variable>
        </expression>
      </condition>
      <step type="BDD_Validate" name="Validate" disable="false" continueOnError="false" successCodeList="0 3010" description="" startIn="">
        <defaultVarList>
          <variable name="ImageSize" property="ImageSize">0</variable>
          <variable name="ImageProcessorSpeed" property="ImageProcessorSpeed">800</variable>
          <variable name="ImageMemory" property="ImageMemory">768</variable>
          <variable name="VerifyOS" property="VerifyOS">CLIENT</variable>
        </defaultVarList>
        <action>cscript.exe "%SCRIPTROOT%\ZTIValidate.wsf"</action>
      </step>
      <step type="SMS_TaskSequence_PartitionDiskAction" name="Format and Partition Disk" description="" disable="false" continueOnError="false" runIn="WinPEandFullOS" successCodeList="0 3010">
        <defaultVarList>
          <variable name="OSDDiskIndex" property="DiskIndex">0</variable>
          <variable name="DONotCreateExtraPartition" property="DONotCreateExtraPartition"></variable>
          <variable name="OSDPartitions0Type" property="Partitions0Type">Primary</variable>
          <variable name="OSDPartitions0FileSystem" property="Partitions0FileSystem">NTFS</variable>
          <variable name="OSDPartitions0Bootable" property="Partitions0Bootable">True</variable>
          <variable name="OSDPartitions0QuickFormat" property="Partitions0QuickFormat">True</variable>
          <variable name="OSDPartitions0VolumeName" property="Partitions0VolumeName">OSDisk</variable>
          <variable name="OSDPartitions0Size" property="Partitions0Size">100</variable>
          <variable name="OSDPartitions0SizeUnits" property="Partitions0SizeUnits">%</variable>
          <variable name="OSDPartitions0VolumeLetterVariable" property="Partitions0VolumeLetterVariable">OSDisk</variable>
          <variable name="OSDPartitions" property="Partitions">1</variable>
          <variable name="OSDPartitionStyle" property="PartitionStyle">MBR</variable>
        </defaultVarList>
        <action>cscript.exe "%SCRIPTROOT%\ZTIDiskpart.wsf"</action>
      </step>
      <step name="Copy scripts" disable="false" continueOnError="false" successCodeList="0 3010" description="" startIn="">
        <action>cscript.exe "%SCRIPTROOT%\LTICopyScripts.wsf"</action>
        <defaultVarList>
          <variable name="RunAsUser" property="RunAsUser">false</variable>
          <variable name="SMSTSRunCommandLineUserName" property="SMSTSRunCommandLineUserName"></variable>
          <variable name="SMSTSRunCommandLineUserPassword" property="SMSTSRunCommandLineUserPassword"></variable>
          <variable name="LoadProfile" property="LoadProfile">false</variable>
        </defaultVarList>
      </step>
    </group>
    <group name="Offline User State Capture" disable="false" continueOnError="false" description="" expand="false">
      <condition>
        <expression type="SMS_TaskSequence_VariableConditionExpression">
          <variable name="Variable">USMTOfflineMigration</variable>
          <variable name="Operator">Equals</variable>
          <variable name="Value">TRUE</variable>
        </expression>
      </condition>
      <step type="SMS_TaskSequence_RunCommandLineAction" name="Offline User State Capture" description="" disable="false" continueOnError="false" startIn="" successCodeList="0 3010" runIn="WinPEandFullOS">
        <action>cscript.exe "%SCRIPTROOT%\ZTIUserState.wsf" /capture</action>
        <defaultVarList>
          <variable name="RunAsUser" property="RunAsUser">false</variable>
          <variable name="SMSTSRunCommandLineUserName" property="SMSTSRunCommandLineUserName"></variable>
          <variable name="SMSTSRunCommandLineUserPassword" property="SMSTSRunCommandLineUserPassword"></variable>
          <variable name="LoadProfile" property="LoadProfile">false</variable>
        </defaultVarList>
      </step>
      <step type="SMS_TaskSequence_RunCommandLineAction" name="Unload USMT Hive" description="" disable="false" continueOnError="true" startIn="" successCodeList="0 3010" runIn="WinPEandFullOS">
        <action>cmd /c REG UNLOAD HKLM\$DEST$SOFTWARE</action>
        <defaultVarList>
          <variable name="RunAsUser" property="RunAsUser">false</variable>
          <variable name="SMSTSRunCommandLineUserName" property="SMSTSRunCommandLineUserName"></variable>
          <variable name="SMSTSRunCommandLineUserPassword" property="SMSTSRunCommandLineUserPassword"></variable>
          <variable name="LoadProfile" property="LoadProfile">false</variable>
        </defaultVarList>
      </step>
    </group>
    <group name="Refresh only" disable="false" continueOnError="false" description="" expand="false">
      <condition>
        <expression type="SMS_TaskSequence_VariableConditionExpression">
          <variable name="Variable">DeploymentType</variable>
          <variable name="Operator">equals</variable>
          <variable name="Value">REFRESH</variable>
        </expression>
      </condition>
      <step name="Backup" disable="false" continueOnError="false" successCodeList="0 3010" description="" startIn="">
        <action>cscript.exe "%SCRIPTROOT%\ZTIBackup.wsf"</action>
        <defaultVarList>
          <variable name="RunAsUser" property="RunAsUser">false</variable>
          <variable name="SMSTSRunCommandLineUserName" property="SMSTSRunCommandLineUserName"></variable>
          <variable name="SMSTSRunCommandLineUserPassword" property="SMSTSRunCommandLineUserPassword"></variable>
          <variable name="LoadProfile" property="LoadProfile">false</variable>
        </defaultVarList>
      </step>
    </group>
    <group expand="false" name="Tpm 1.2 -&gt; 2.0" description="" disable="false" continueOnError="false">
      <action />
      <condition>
        <expression type="SMS_TaskSequence_WMIConditionExpression">
          <variable name="Namespace">root\CIMV2\Security\MicrosoftTpm</variable>
          <variable name="Query">SELECT * FROM Win32_Tpm WHERE NOT SpecVersion LIKE "2.0"</variable>
        </expression>
      </condition>
      <step type="SMS_TaskSequence_RunCommandLineAction" name="Upgrade to Tpm 2.0" description="" disable="false" continueOnError="false" startIn="" successCodeList="0 3010 2 1" runIn="WinPEandFullOS">
        <defaultVarList>
          <variable name="PackageID" property="PackageID" />
          <variable name="RunAsUser" property="RunAsUser">false</variable>
          <variable name="SMSTSRunCommandLineUserName" property="SMSTSRunCommandLineUserName"></variable>
          <variable name="SMSTSRunCommandLineUserPassword" property="SMSTSRunCommandLineUserPassword"></variable>
          <variable name="LoadProfile" property="LoadProfile">false</variable>
        </defaultVarList>
        <action>"%SCRIPTROOT%\TPMFUFac64.exe"</action>
        <condition />
      </step>
      <step type="SMS_TaskSequence_RebootAction" name="Restart to complete Tpm update" description="" disable="true" continueOnError="false" runIn="WinPEandFullOS" successCodeList="0 3010">
        <defaultVarList>
          <variable name="SMSRebootMessage" property="Message" />
          <variable name="SMSRebootTimeout" property="MessageTimeout">60</variable>
          <variable name="SMSRebootTarget" property="Target" />
        </defaultVarList>
        <action>smsboot.exe /target:WinPE</action>
        <condition>
          <expression type="SMS_TaskSequence_VariableConditionExpression">
            <variable name="Variable">_SMSTSLastActionRetCode</variable>
            <variable name="Operator">equals</variable>
            <variable name="Value">0</variable>
          </expression>
        </condition>
      </step>
    </group>
    <group expand="false" name="Tpm 2.0 -&gt; 1.2" description="" disable="true" continueOnError="false">
      <action />
      <condition>
        <operator type="and">
          <expression type="SMS_TaskSequence_WMIConditionExpression">
            <variable name="Namespace">root\CIMV2\Security\MicrosoftTpm</variable>
            <variable name="Query">SELECT * FROM Win32_Tpm WHERE NOT SpecVersion LIKE "1.2"</variable>
          </expression>
          <expression type="SMS_TaskSequence_VariableConditionExpression">
            <variable name="Variable">Make</variable>
            <variable name="Operator">equals</variable>
            <variable name="Value">Panasonic Corporation</variable>
          </expression>
        </operator>
      </condition>
      <step type="SMS_TaskSequence_RunCommandLineAction" name="Downgrade Tpm to 1.2" description="" disable="false" continueOnError="false" startIn="" successCodeList="0 3010 2" runIn="WinPEandFullOS">
        <defaultVarList>
          <variable name="PackageID" property="PackageID" />
          <variable name="RunAsUser" property="RunAsUser">false</variable>
          <variable name="SMSTSRunCommandLineUserName" property="SMSTSRunCommandLineUserName"></variable>
          <variable name="SMSTSRunCommandLineUserPassword" property="SMSTSRunCommandLineUserPassword"></variable>
          <variable name="LoadProfile" property="LoadProfile">false</variable>
        </defaultVarList>
        <action>"%SCRIPTROOT%\TPMFUFac64.exe" -d</action>
        <condition />
      </step>
      <step type="SMS_TaskSequence_RebootAction" name="Restart to complete Tpm downgrade" description="" disable="true" continueOnError="false" runIn="WinPEandFullOS" successCodeList="0 3010">
        <defaultVarList>
          <variable name="SMSRebootMessage" property="Message" />
          <variable name="SMSRebootTimeout" property="MessageTimeout">60</variable>
          <variable name="SMSRebootTarget" property="Target" />
        </defaultVarList>
        <action>smsboot.exe /target:WinPE</action>
        <condition>
          <expression type="SMS_TaskSequence_VariableConditionExpression">
            <variable name="Variable">_SMSTSLastActionRetCode</variable>
            <variable name="Operator">equals</variable>
            <variable name="Value">0</variable>
          </expression>
        </condition>
      </step>
    </group>
    <step name="Configure" disable="false" continueOnError="false" successCodeList="0 3010" description="" startIn="">
      <action>cscript.exe "%SCRIPTROOT%\ZTIConfigure.wsf"</action>
      <defaultVarList>
        <variable name="RunAsUser" property="RunAsUser">false</variable>
        <variable name="SMSTSRunCommandLineUserName" property="SMSTSRunCommandLineUserName"></variable>
        <variable name="SMSTSRunCommandLineUserPassword" property="SMSTSRunCommandLineUserPassword"></variable>
        <variable name="LoadProfile" property="LoadProfile">false</variable>
      </defaultVarList>
    </step>
    <step type="SMS_TaskSequence_RunCommandLineAction" name="Enable BitLocker (Offline)" description="" disable="false" continueOnError="true" startIn="" successCodeList="0 3010" runIn="WinPEandFullOS">
      <action>cscript.exe "%SCRIPTROOT%\ZTIBDE.wsf"</action>
      <defaultVarList>
        <variable name="RunAsUser" property="RunAsUser">false</variable>
        <variable name="SMSTSRunCommandLineUserName" property="SMSTSRunCommandLineUserName"></variable>
        <variable name="SMSTSRunCommandLineUserPassword" property="SMSTSRunCommandLineUserPassword"></variable>
        <variable name="LoadProfile" property="LoadProfile">false</variable>
      </defaultVarList>
    </step>
    <step type="BDD_InjectDrivers" name="Injecting %DEPLOYROOT%\Cabs\%Make%\%Model% drivers...." description="" disable="false" continueOnError="true" runIn="WinPEandFullOS" successCodeList="0 3010">
      <defaultVarList>
        <variable name="DriverSelectionProfile" property="DriverSelectionProfile">Nothing</variable>
        <variable name="DriverInjectionMode" property="DriverInjectionMode">AUTO</variable>
      </defaultVarList>
      <action>cscript.exe "%SCRIPTROOT%\ZTIDrivers.wsf"</action>
    </step>
    <step type="SMS_TaskSequence_RunCommandLineAction" name="%DEPLOYROOT%\Cabs\%Make%\%Model% not found.." description="" disable="true" continueOnError="true" startIn="" successCodeList="0 3010" runIn="WinPEandFullOS">
      <defaultVarList>
        <variable name="PackageID" property="PackageID" />
        <variable name="RunAsUser" property="RunAsUser">false</variable>
        <variable name="SMSTSRunCommandLineUserName" property="SMSTSRunCommandLineUserName"></variable>
        <variable name="SMSTSRunCommandLineUserPassword" property="SMSTSRunCommandLineUserPassword"></variable>
        <variable name="LoadProfile" property="LoadProfile">false</variable>
      </defaultVarList>
      <action>powershell.exe  -ExecutionPolicy "ByPass" -Command "[System.Reflection.Assembly]::LoadWithPartialName(\"System.Windows.Forms\");  [System.Windows.Forms.MessageBox]::Show(\"Drivers not populated..\")"</action>
      <condition>
        <operator type="not">
          <expression type="SMS_TaskSequence_FolderConditionExpression">
            <variable name="Path">%OSDisk%\Drivers</variable>
          </expression>
        </operator>
      </condition>
    </step>
    <step type="BDD_InstallUpdatesOffline" name="Apply Patches" disable="false" continueOnError="false" successCodeList="0 3010" description="" startIn="">
      <action>cscript.exe "%SCRIPTROOT%\ZTIPatches.wsf"</action>
      <defaultVarList>
        <variable name="PackageSelectionProfile" property="PackageSelectionProfile">All Packages</variable>
      </defaultVarList>
    </step>
    <step name="Next Phase" disable="false" continueOnError="false" successCodeList="0 3010" description="" startIn="">
      <action>cscript.exe "%SCRIPTROOT%\ZTINextPhase.wsf"</action>
      <defaultVarList>
        <variable name="RunAsUser" property="RunAsUser">false</variable>
        <variable name="SMSTSRunCommandLineUserName" property="SMSTSRunCommandLineUserName"></variable>
        <variable name="SMSTSRunCommandLineUserPassword" property="SMSTSRunCommandLineUserPassword"></variable>
        <variable name="LoadProfile" property="LoadProfile">false</variable>
      </defaultVarList>
    </step>
  </group>
  <group name="Install" disable="false" continueOnError="false" description="" expand="false">
    <condition>
      <expression type="SMS_TaskSequence_VariableConditionExpression">
        <variable name="Variable">PHASE</variable>
        <variable name="Operator">equals</variable>
        <variable name="Value">INSTALL</variable>
      </expression>
    </condition>
    <step type="SMS_TaskSequence_RunCommandLineAction" name="Populate OSDImageName variable" description="" disable="false" continueOnError="true" startIn="" successCodeList="0 3010" runIn="WinPEandFullOS">
      <defaultVarList>
        <variable name="PackageID" property="PackageID" />
        <variable name="RunAsUser" property="RunAsUser">false</variable>
        <variable name="SMSTSRunCommandLineUserName" property="SMSTSRunCommandLineUserName"></variable>
        <variable name="SMSTSRunCommandLineUserPassword" property="SMSTSRunCommandLineUserPassword"></variable>
        <variable name="LoadProfile" property="LoadProfile">false</variable>
      </defaultVarList>
      <action>cmd /c echo Set objShell=WScript.CreateObject("Wscript.Shell"):objShell.run "cscript.exe //nologo ""%SCRIPTROOT%\ZTISetVariable.wsf"" /VariableName:""OSDImageName"" /VariableValue:"""^&amp;Split(Mid("%InstallFromPath%",Len("%SourcePath%")),"\")(1)^&amp;"""" &gt; %temp%\test.vbs &amp;&amp; wscript //nologo %temp%\test.vbs</action>
    </step>
    <step type="BDD_InstallOS" name="Expanding %OSDImageName% (%ImageSize%)  to %OSDisk%\..." description="" disable="false" continueOnError="false" runIn="WinPEandFullOS" successCodeList="0 3010">
      <defaultVarList>
        <variable name="OSGUID" property="OSGUID">{7c13708f-7085-4a15-9953-b6c4775021b7}</variable>
        <variable name="DestinationDisk" property="DestinationDisk">0</variable>
        <variable name="DestinationPartition" property="DestinationPartition">1</variable>
        <variable name="DestinationOSDriveLetter" property="DestinationOSDriveLetter"></variable>
        <variable name="DestinationOSVariable" property="DestinationOSVariable">OSDisk</variable>
        <variable name="DestinationOSRefresh" property="DestinationOSRefresh"></variable>
        <variable name="DestinationOSInstallType" property="DestinationOSInstallType">ByVariable</variable>
      </defaultVarList>
      <action>cscript.exe "%SCRIPTROOT%\LTIApply.wsf"</action>
    </step>
    <step type="SMS_TaskSequence_RunCommandLineAction" name="Overwrite Wallpaper with %DEPLOYROOT%\Wallpaper.jpg" description="" disable="true" continueOnError="true" startIn="" successCodeList="0 3010" runIn="WinPEandFullOS">
      <defaultVarList>
        <variable name="PackageID" property="PackageID" />
        <variable name="RunAsUser" property="RunAsUser">false</variable>
        <variable name="SMSTSRunCommandLineUserName" property="SMSTSRunCommandLineUserName"></variable>
        <variable name="SMSTSRunCommandLineUserPassword" property="SMSTSRunCommandLineUserPassword"></variable>
        <variable name="LoadProfile" property="LoadProfile">false</variable>
      </defaultVarList>
      <action>powershell.exe -ExecutionPolicy "ByPass" -Command "Get-ChildItem \"%OSDISK%\Windows\img*.jpg\" -Recurse | % { Copy-Item \"%DEPLOYROOT%\Wallpaper.jpg\" $_.FullName -Force -Verbose }"</action>
    </step>
    <step name="Copy %DEPLOYROOT%\Lockscreen.jpg to %OSDISK%\Windows\System32\oobe\info\backgrounds" disable="true" continueOnError="true" successCodeList="0 3010" description="HKLM\SOFTWARE\Microsoft\Windows\CurrentVersion\Authentication\LogonUI\Background\OEMBackground must be set in unattend.xml" startIn="">
      <action>cmd.exe /c md "%OSDISK%\Windows\System32\oobe\info\backgrounds" &amp;&amp; copy "%DEPLOYROOT%\Lockscreen.jpg" "%OSDISK%\Windows\System32\oobe\info\backgrounds\backgroundDefault.jpg" /y</action>
      <defaultVarList>
        <variable name="RunAsUser" property="RunAsUser">false</variable>
        <variable name="SMSTSRunCommandLineUserName" property="SMSTSRunCommandLineUserName"></variable>
        <variable name="SMSTSRunCommandLineUserPassword" property="SMSTSRunCommandLineUserPassword"></variable>
        <variable name="LoadProfile" property="LoadProfile">false</variable>
      </defaultVarList>
      <condition />
    </step>
    <step name="Overwrite user.bmp (UserTile) with %DEPLOYROOT%\UserTile.bmp" disable="true" continueOnError="true" successCodeList="0 3010" description="128x128 bmp" startIn="">
      <action>cmd.exe /c copy "%DEPLOYROOT%\UserTile.bmp" "%OSDISK%\ProgramData\Microsoft\User Account Pictures\user.bmp" /y</action>
      <defaultVarList>
        <variable name="RunAsUser" property="RunAsUser">false</variable>
        <variable name="SMSTSRunCommandLineUserName" property="SMSTSRunCommandLineUserName"></variable>
        <variable name="SMSTSRunCommandLineUserPassword" property="SMSTSRunCommandLineUserPassword"></variable>
        <variable name="LoadProfile" property="LoadProfile">false</variable>
      </defaultVarList>
      <condition />
    </step>
    <step type="SMS_TaskSequence_RunCommandLineAction" name="Copy OEM" description="Currently copying theme files" disable="true" continueOnError="true" startIn="" successCodeList="0 3010" runIn="WinPEandFullOS">
      <defaultVarList>
        <variable name="PackageID" property="PackageID" />
        <variable name="RunAsUser" property="RunAsUser">false</variable>
        <variable name="SMSTSRunCommandLineUserName" property="SMSTSRunCommandLineUserName"></variable>
        <variable name="SMSTSRunCommandLineUserPassword" property="SMSTSRunCommandLineUserPassword"></variable>
        <variable name="LoadProfile" property="LoadProfile">false</variable>
      </defaultVarList>
      <action>cscript.exe "%SCRIPTROOT%\CopyOEM.wsf"</action>
    </step>
    <step name="Next Phase" disable="false" continueOnError="false" successCodeList="0 3010" description="" startIn="">
      <action>cscript.exe "%SCRIPTROOT%\ZTINextPhase.wsf"</action>
      <defaultVarList>
        <variable name="RunAsUser" property="RunAsUser">false</variable>
        <variable name="SMSTSRunCommandLineUserName" property="SMSTSRunCommandLineUserName"></variable>
        <variable name="SMSTSRunCommandLineUserPassword" property="SMSTSRunCommandLineUserPassword"></variable>
        <variable name="LoadProfile" property="LoadProfile">false</variable>
      </defaultVarList>
    </step>
  </group>
  <group name="Postinstall" disable="false" continueOnError="false" description="" expand="false">
    <condition>
      <expression type="SMS_TaskSequence_VariableConditionExpression">
        <variable name="Variable">PHASE</variable>
        <variable name="Operator">equals</variable>
        <variable name="Value">POSTINSTALL</variable>
      </expression>
    </condition>
    <step name="Copy Scripts" disable="false" continueOnError="false" successCodeList="0 3010" description="" startIn="">
      <action>cscript.exe "%SCRIPTROOT%\LTICopyScripts.wsf"</action>
      <defaultVarList>
        <variable name="RunAsUser" property="RunAsUser">false</variable>
        <variable name="SMSTSRunCommandLineUserName" property="SMSTSRunCommandLineUserName"></variable>
        <variable name="SMSTSRunCommandLineUserPassword" property="SMSTSRunCommandLineUserPassword"></variable>
        <variable name="LoadProfile" property="LoadProfile">false</variable>
      </defaultVarList>
    </step>
    <step name="Configure" disable="false" continueOnError="false" successCodeList="0 3010" description="" startIn="">
      <action>cscript.exe "%SCRIPTROOT%\ZTIConfigure.wsf"</action>
      <defaultVarList>
        <variable name="RunAsUser" property="RunAsUser">false</variable>
        <variable name="SMSTSRunCommandLineUserName" property="SMSTSRunCommandLineUserName"></variable>
        <variable name="SMSTSRunCommandLineUserPassword" property="SMSTSRunCommandLineUserPassword"></variable>
        <variable name="LoadProfile" property="LoadProfile">false</variable>
      </defaultVarList>
    </step>
    <step name="Inject Drivers" disable="false" continueOnError="false" successCodeList="0 3010" description="" startIn="">
      <action>cscript.exe "%SCRIPTROOT%\ZTIdrivers.wsf"</action>
      <defaultVarList>
        <variable name="RunAsUser" property="RunAsUser">false</variable>
        <variable name="SMSTSRunCommandLineUserName" property="SMSTSRunCommandLineUserName"></variable>
        <variable name="SMSTSRunCommandLineUserPassword" property="SMSTSRunCommandLineUserPassword"></variable>
        <variable name="LoadProfile" property="LoadProfile">false</variable>
      </defaultVarList>
    </step>
    <step type="SMS_TaskSequence_RunCommandLineAction" name="Add Windows Recovery (WinRE)" description="" disable="false" continueOnError="false" startIn="" successCodeList="0 3010" runIn="WinPEandFullOS">
      <action>cscript.exe "%SCRIPTROOT%\ZTIWinRE.wsf"</action>
      <defaultVarList>
        <variable name="RunAsUser" property="RunAsUser">false</variable>
        <variable name="SMSTSRunCommandLineUserName" property="SMSTSRunCommandLineUserName"></variable>
        <variable name="SMSTSRunCommandLineUserPassword" property="SMSTSRunCommandLineUserPassword"></variable>
        <variable name="LoadProfile" property="LoadProfile">false</variable>
      </defaultVarList>
    </step>
    <step name="Next Phase" disable="false" continueOnError="false" successCodeList="0 3010" description="" startIn="">
      <action>cscript.exe "%SCRIPTROOT%\ZTINextPhase.wsf"</action>
      <defaultVarList>
        <variable name="RunAsUser" property="RunAsUser">false</variable>
        <variable name="SMSTSRunCommandLineUserName" property="SMSTSRunCommandLineUserName"></variable>
        <variable name="SMSTSRunCommandLineUserPassword" property="SMSTSRunCommandLineUserPassword"></variable>
        <variable name="LoadProfile" property="LoadProfile">false</variable>
      </defaultVarList>
    </step>
    <step type="SMS_TaskSequence_RebootAction" name="Restart computer" description="" disable="false" continueOnError="false" runIn="WinPEandFullOS" successCodeList="0 3010">
      <defaultVarList>
        <variable name="Message" property="Message"></variable>
        <variable name="MessageTimeout" property="MessageTimeout">60</variable>
        <variable name="Target" property="Target"></variable>
      </defaultVarList>
      <action>smsboot.exe /target:WinPE</action>
    </step>
  </group>
  <group name="State Restore" disable="false" continueOnError="false" description="" expand="true">
    <condition>
      <expression type="SMS_TaskSequence_VariableConditionExpression">
        <variable name="Variable">PHASE</variable>
        <variable name="Operator">equals</variable>
        <variable name="Value">STATERESTORE</variable>
      </expression>
    </condition>
    <step type="BDD_Gather" name="Gather local only" disable="false" continueOnError="false" successCodeList="0 3010" description="" startIn="">
      <defaultVarList>
        <variable name="GatherLocalOnly" property="GatherLocalOnly">true</variable>
        <variable name="RulesFile" property="RulesFile"></variable>
      </defaultVarList>
      <action>cscript.exe "%SCRIPTROOT%\ZTIGather.wsf"</action>
    </step>
    <step name="Post-Apply Cleanup" disable="false" continueOnError="false" successCodeList="0 3010" description="" startIn="">
      <action>cscript.exe "%SCRIPTROOT%\LTIApply.wsf" /post</action>
      <defaultVarList>
        <variable name="RunAsUser" property="RunAsUser">false</variable>
        <variable name="SMSTSRunCommandLineUserName" property="SMSTSRunCommandLineUserName"></variable>
        <variable name="SMSTSRunCommandLineUserPassword" property="SMSTSRunCommandLineUserPassword"></variable>
        <variable name="LoadProfile" property="LoadProfile">false</variable>
      </defaultVarList>
    </step>
    <step type="BDD_RecoverDomainJoin" name="Recover From Domain " description="" disable="false" continueOnError="false" runIn="WinPEandFullOS" successCodeList="0 3010">
      <defaultVarList>
        <variable name="DomainErrorRecovery" property="DomainErrorRecovery">Auto</variable>
      </defaultVarList>
      <action>cscript.exe "%SCRIPTROOT%\ZTIDomainJoin.wsf" </action>
    </step>
    <step name="Tattoo" disable="false" continueOnError="true" successCodeList="0 3010" description="" startIn="">
      <action>cscript.exe "%SCRIPTROOT%\ZTITatoo.wsf"</action>
      <defaultVarList>
        <variable name="RunAsUser" property="RunAsUser">false</variable>
        <variable name="SMSTSRunCommandLineUserName" property="SMSTSRunCommandLineUserName"></variable>
        <variable name="SMSTSRunCommandLineUserPassword" property="SMSTSRunCommandLineUserPassword"></variable>
        <variable name="LoadProfile" property="LoadProfile">false</variable>
      </defaultVarList>
    </step>
    <step name="Opt In to CEIP and WER" disable="true" continueOnError="true" successCodeList="0 3010" description="" startIn="">
      <action>cscript.exe "%SCRIPTROOT%\ZTIOptIn.wsf" /CEIP:YES /WER:YES</action>
      <defaultVarList>
        <variable name="RunAsUser" property="RunAsUser">false</variable>
        <variable name="SMSTSRunCommandLineUserName" property="SMSTSRunCommandLineUserName"></variable>
        <variable name="SMSTSRunCommandLineUserPassword" property="SMSTSRunCommandLineUserPassword"></variable>
        <variable name="LoadProfile" property="LoadProfile">false</variable>
      </defaultVarList>
    </step>
    <step name="Windows Update (Pre-Application Installation)" disable="true" continueOnError="true" successCodeList="0 3010" description="" startIn="">
      <action>cscript.exe "%SCRIPTROOT%\ZTIWindowsUpdate.wsf"</action>
      <defaultVarList>
        <variable name="RunAsUser" property="RunAsUser">false</variable>
        <variable name="SMSTSRunCommandLineUserName" property="SMSTSRunCommandLineUserName"></variable>
        <variable name="SMSTSRunCommandLineUserPassword" property="SMSTSRunCommandLineUserPassword"></variable>
        <variable name="LoadProfile" property="LoadProfile">false</variable>
      </defaultVarList>
    </step>
    <step type="BDD_InstallApplication" name="Install Optional Applications" disable="false" continueOnError="false" successCodeList="0 3010" description="" startIn="">
      <action>cscript.exe "%SCRIPTROOT%\ZTIApplications.wsf"</action>
      <defaultVarList>
        <variable name="ApplicationGUID" property="ApplicationGUID"></variable>
        <variable name="ApplicationSuccessCodes" property="ApplicationSuccessCodes">0 3010</variable>
      </defaultVarList>
    </step>
    <step type="BDD_InstallApplication" name="31WXY-MK4-7X64_V2" disable="false" continueOnError="true" successCodeList="0 3010" description="" startIn="">
      <action>cscript.exe "%SCRIPTROOT%\ZTIApplications.wsf"</action>
      <defaultVarList>
        <variable name="ApplicationGUID" property="ApplicationGUID">{bab53a8f-373a-4faa-96b2-b0d1fe363a47}</variable>
        <variable name="ApplicationSuccessCodes" property="ApplicationSuccessCodes">0 3010</variable>
      </defaultVarList>
      <condition>
        <expression type="SMS_TaskSequence_WMIConditionExpression">
          <variable name="Namespace">root\cimv2</variable>
          <variable name="Query">SELECT * FROM Win32_Baseboard WHERE Product LIKE "CF31-4%" or Product LIKE "CF31W-4%"</variable>
        </expression>
      </condition>
    </step>
    <step type="BDD_InstallApplication" name="311234-MK5-7X64" disable="false" continueOnError="true" successCodeList="0 3010" description="" startIn="">
      <action>cscript.exe "%SCRIPTROOT%\ZTIApplications.wsf"</action>
      <defaultVarList>
        <variable name="ApplicationGUID" property="ApplicationGUID">{2a3ce096-6df9-417d-b957-8f82929d0d3c}</variable>
        <variable name="ApplicationSuccessCodes" property="ApplicationSuccessCodes">0 3010</variable>
      </defaultVarList>
      <condition>
        <expression type="SMS_TaskSequence_WMIConditionExpression">
          <variable name="Namespace">root\cimv2</variable>
          <variable name="Query">SELECT * FROM Win32_Baseboard WHERE Product LIKE "CF31-5%" or Product LIKE "CF31W-5%"</variable>
        </expression>
      </condition>
    </step>
    <step type="BDD_InstallApplication" name="54DEF-MK2-7X64" disable="true" continueOnError="true" successCodeList="0 3010" description="" startIn="">
      <action>cscript.exe "%SCRIPTROOT%\ZTIApplications.wsf"</action>
      <defaultVarList>
        <variable name="ApplicationGUID" property="ApplicationGUID">{55876693-b36a-4282-a31e-3108313a9de9}</variable>
        <variable name="ApplicationSuccessCodes" property="ApplicationSuccessCodes">0 3010</variable>
      </defaultVarList>
      <condition>
        <expression type="SMS_TaskSequence_WMIConditionExpression">
          <variable name="Namespace">root\cimv2</variable>
          <variable name="Query">SELECT * FROM Win32_Baseboard WHERE Product LIKE "CF54-2%" or Product LIKE "CF54W-2%"</variable>
        </expression>
      </condition>
    </step>
    <step name="Windows Update (Post-Application Installation)" disable="true" continueOnError="true" successCodeList="0 3010" description="" startIn="">
      <action>cscript.exe "%SCRIPTROOT%\ZTIWindowsUpdate.wsf"</action>
      <defaultVarList>
        <variable name="RunAsUser" property="RunAsUser">false</variable>
        <variable name="SMSTSRunCommandLineUserName" property="SMSTSRunCommandLineUserName"></variable>
        <variable name="SMSTSRunCommandLineUserPassword" property="SMSTSRunCommandLineUserPassword"></variable>
        <variable name="LoadProfile" property="LoadProfile">false</variable>
      </defaultVarList>
    </step>
    <step type="SMS_TaskSequence_RunCommandLineAction" name="Lock Machine" description="Lock machine in order to tell Windows to create a new Start Screen image (for new resolution), that will soon be replaced with the&quot;Replace Win 8 Start Screen&quot; application." disable="true" continueOnError="true" startIn="" successCodeList="0 3010" runIn="WinPEandFullOS">
      <defaultVarList>
        <variable name="PackageID" property="PackageID" />
        <variable name="RunAsUser" property="RunAsUser">false</variable>
        <variable name="SMSTSRunCommandLineUserName" property="SMSTSRunCommandLineUserName"></variable>
        <variable name="SMSTSRunCommandLineUserPassword" property="SMSTSRunCommandLineUserPassword"></variable>
        <variable name="LoadProfile" property="LoadProfile">false</variable>
      </defaultVarList>
      <action>rundll32.exe user32.dll, LockWorkStation</action>
    </step>
    <step name="Sync time with server" disable="false" continueOnError="true" successCodeList="0 3010" description="" startIn="">
      <action>cmd /c net time \\192.168.56.1 /set /y</action>
      <defaultVarList>
        <variable name="RunAsUser" property="RunAsUser">false</variable>
        <variable name="SMSTSRunCommandLineUserName" property="SMSTSRunCommandLineUserName"></variable>
        <variable name="SMSTSRunCommandLineUserPassword" property="SMSTSRunCommandLineUserPassword"></variable>
        <variable name="LoadProfile" property="LoadProfile">false</variable>
      </defaultVarList>
    </step>
    <step type="SMS_TaskSequence_RebootAction" name="Restart computer" description="Particially for TPM activation and also allowing Display Resolution to update." disable="false" continueOnError="false" runIn="WinPEandFullOS" successCodeList="0 3010">
      <defaultVarList>
        <variable name="SMSRebootMessage" property="Message" />
        <variable name="SMSRebootTimeout" property="MessageTimeout">60</variable>
        <variable name="SMSRebootTarget" property="Target" />
      </defaultVarList>
      <action>smsboot.exe /target:WinPE</action>
      <condition></condition>
    </step>
    <group expand="false" name="Panasonic User Tasks" description="" disable="false" continueOnError="false">
      <step type="SMS_TaskSequence_RunCommandLineAction" name="Add Panasonic User Account" description="" disable="false" continueOnError="true" startIn="" successCodeList="0 3010" runIn="WinPEandFullOS">
        <defaultVarList>
          <variable name="PackageID" property="PackageID" />
          <variable name="RunAsUser" property="RunAsUser">false</variable>
          <variable name="SMSTSRunCommandLineUserName" property="SMSTSRunCommandLineUserName"></variable>
          <variable name="SMSTSRunCommandLineUserPassword" property="SMSTSRunCommandLineUserPassword"></variable>
          <variable name="LoadProfile" property="LoadProfile">false</variable>
        </defaultVarList>
        <action>NET USER "Panasonic User" "" /ADD</action>
      </step>
      <action />
      <step type="SMS_TaskSequence_RunCommandLineAction" name="Add Panasonic to Administrators" description="" disable="false" continueOnError="true" startIn="" successCodeList="0 3010" runIn="WinPEandFullOS">
        <defaultVarList>
          <variable name="PackageID" property="PackageID" />
          <variable name="RunAsUser" property="RunAsUser">false</variable>
          <variable name="SMSTSRunCommandLineUserName" property="SMSTSRunCommandLineUserName"></variable>
          <variable name="SMSTSRunCommandLineUserPassword" property="SMSTSRunCommandLineUserPassword"></variable>
          <variable name="LoadProfile" property="LoadProfile">false</variable>
        </defaultVarList>
        <action>NET LOCALGROUP Administrators "Panasonic User" /ADD</action>
      </step>
      <step type="SMS_TaskSequence_RunCommandLineAction" name="Set Panasonic Password to NEVEREXPIRE" description="" disable="false" continueOnError="true" startIn="" successCodeList="0 3010" runIn="WinPEandFullOS">
        <defaultVarList>
          <variable name="PackageID" property="PackageID" />
          <variable name="RunAsUser" property="RunAsUser">false</variable>
          <variable name="SMSTSRunCommandLineUserName" property="SMSTSRunCommandLineUserName"></variable>
          <variable name="SMSTSRunCommandLineUserPassword" property="SMSTSRunCommandLineUserPassword"></variable>
          <variable name="LoadProfile" property="LoadProfile">false</variable>
        </defaultVarList>
        <action>WMIC USERACCOUNT WHERE "Name='Panasonic User'" SET PasswordExpires=FALSE</action>
      </step>
    </group>
    <step type="SMS_TaskSequence_RunCommandLineAction" name="Copy CMTrace to %WinDir%\system32" description="" disable="false" continueOnError="true" startIn="" successCodeList="0 3010" runIn="WinPEandFullOS">
      <defaultVarList>
        <variable name="PackageID" property="PackageID" />
        <variable name="RunAsUser" property="RunAsUser">false</variable>
        <variable name="SMSTSRunCommandLineUserName" property="SMSTSRunCommandLineUserName"></variable>
        <variable name="SMSTSRunCommandLineUserPassword" property="SMSTSRunCommandLineUserPassword"></variable>
        <variable name="LoadProfile" property="LoadProfile">false</variable>
      </defaultVarList>
      <action>cmd.exe /c copy /y "%SCRIPTROOT%\CMTrace.exe" "%WinDir%\system32\"</action>
    </step>
    <step type="SMS_TaskSequence_EnableBitLockerAction" name="Enable BitLocker" continueOnError="true" successCodeList="0 3010" description="" startIn="" disable="false">
      <action>cscript.exe "%SCRIPTROOT%\ZTIBde.wsf"</action>
      <condition>
        <operator type="and">
          <expression type="SMS_TaskSequence_VariableConditionExpression">
            <variable name="Variable">BdeInstallSuppress</variable>
            <variable name="Operator">notEquals</variable>
            <variable name="Value">YES</variable>
          </expression>
          <expression type="SMS_TaskSequence_VariableConditionExpression">
            <variable name="Variable">IsVM</variable>
            <variable name="Operator">equals</variable>
            <variable name="Value">False</variable>
          </expression>
        </operator>
      </condition>
      <defaultVarList>
        <variable name="OSDBitLockerTargetDrive" property="BdeTargetDriveLetter"></variable>
        <variable name="OSDBitLockerMode" property="BdeInstall">TPM</variable>
        <variable name="OSDBitLockerStartupKeyDrive" property="BdeKeyLocation"></variable>
        <variable name="OSDBitLockerCreateRecoveryPassword" property="BdeRecoveryPassword">AD</variable>
        <variable name="OSDBitLockerWaitForEncryption" property="WaitForEncryption">false</variable>
      </defaultVarList>
    </step>
    <step name="Restore User State" disable="false" continueOnError="false" successCodeList="0 3010" description="" startIn="">
      <action>cscript.exe "%SCRIPTROOT%\ZTIUserState.wsf" /restore</action>
      <defaultVarList>
        <variable name="RunAsUser" property="RunAsUser">false</variable>
        <variable name="SMSTSRunCommandLineUserName" property="SMSTSRunCommandLineUserName"></variable>
        <variable name="SMSTSRunCommandLineUserPassword" property="SMSTSRunCommandLineUserPassword"></variable>
        <variable name="LoadProfile" property="LoadProfile">false</variable>
      </defaultVarList>
    </step>
    <step name="Restore Groups" disable="false" continueOnError="false" successCodeList="0 3010" description="" startIn="">
      <action>cscript.exe "%SCRIPTROOT%\ZTIGroups.wsf" /restore</action>
      <defaultVarList>
        <variable name="RunAsUser" property="RunAsUser">false</variable>
        <variable name="SMSTSRunCommandLineUserName" property="SMSTSRunCommandLineUserName"></variable>
        <variable name="SMSTSRunCommandLineUserPassword" property="SMSTSRunCommandLineUserPassword"></variable>
        <variable name="LoadProfile" property="LoadProfile">false</variable>
      </defaultVarList>
    </step>
    <step name="Apply Local GPO Package" description="" disable="false" continueOnError="false" startIn="" successCodeList="0 3010">
      <action>cscript.exe "%SCRIPTROOT%\ZTIApplyGPOPack.wsf"</action>
      <condition>
        <expression type="SMS_TaskSequence_VariableConditionExpression">
          <variable name="Variable">ApplyGPOPack</variable>
          <variable name="Operator">notEquals</variable>
          <variable name="Value">NO</variable>
        </expression>
      </condition>
      <defaultVarList>
        <variable name="RunAsUser" property="RunAsUser">false</variable>
        <variable name="SMSTSRunCommandLineUserName" property="SMSTSRunCommandLineUserName"></variable>
        <variable name="SMSTSRunCommandLineUserPassword" property="SMSTSRunCommandLineUserPassword"></variable>
        <variable name="LoadProfile" property="LoadProfile">false</variable>
      </defaultVarList>
    </step>
    <group expand="false" name="Imaging" description="" disable="false" continueOnError="false">
      <action />
      <group name="Prepare Only" disable="false" continueOnError="false" expand="false" description="">
        <condition>
          <expression type="SMS_TaskSequence_VariableConditionExpression">
            <variable name="Variable">DoCapture</variable>
            <variable name="Operator">equals</variable>
            <variable name="Value">PREPARE</variable>
          </expression>
        </condition>
        <step name="Copy Sysprep files" disable="false" continueOnError="false" successCodeList="0 3010" description="" startIn="">
          <action>cscript.exe "%SCRIPTROOT%\LTISysprep.wsf"</action>
          <defaultVarList>
            <variable name="RunAsUser" property="RunAsUser">false</variable>
            <variable name="SMSTSRunCommandLineUserName" property="SMSTSRunCommandLineUserName"></variable>
            <variable name="SMSTSRunCommandLineUserPassword" property="SMSTSRunCommandLineUserPassword"></variable>
            <variable name="LoadProfile" property="LoadProfile">false</variable>
          </defaultVarList>
        </step>
      </group>
      <group name="Sysprep Only" disable="false" continueOnError="false" expand="false" description="">
        <condition>
          <expression type="SMS_TaskSequence_VariableConditionExpression">
            <variable name="Variable">DoCapture</variable>
            <variable name="Operator">equals</variable>
            <variable name="Value">SYSPREP</variable>
          </expression>
        </condition>
        <step name="Add mass storage drivers to sysprep.inf for XP and 2003" disable="false" continueOnError="false" successCodeList="0 3010" description="" startIn="">
          <action>cscript.exe "%SCRIPTROOT%\ZTIDrivers.wsf"</action>
          <defaultVarList>
            <variable name="RunAsUser" property="RunAsUser">false</variable>
            <variable name="SMSTSRunCommandLineUserName" property="SMSTSRunCommandLineUserName"></variable>
            <variable name="SMSTSRunCommandLineUserPassword" property="SMSTSRunCommandLineUserPassword"></variable>
            <variable name="LoadProfile" property="LoadProfile">false</variable>
          </defaultVarList>
        </step>
        <step name="Execute Sysprep" disable="false" continueOnError="false" successCodeList="0 3010" description="" startIn="">
          <action>cscript.exe "%SCRIPTROOT%\LTISysprep.wsf"</action>
          <defaultVarList>
            <variable name="RunAsUser" property="RunAsUser">false</variable>
            <variable name="SMSTSRunCommandLineUserName" property="SMSTSRunCommandLineUserName"></variable>
            <variable name="SMSTSRunCommandLineUserPassword" property="SMSTSRunCommandLineUserPassword"></variable>
            <variable name="LoadProfile" property="LoadProfile">false</variable>
          </defaultVarList>
        </step>
      </group>
      <group name="Capture Image" disable="false" continueOnError="false" expand="false" description="">
        <condition>
          <expression type="SMS_TaskSequence_VariableConditionExpression">
            <variable name="Variable">DoCapture</variable>
            <variable name="Operator">equals</variable>
            <variable name="Value">YES</variable>
          </expression>
        </condition>
        <step name="Apply Windows PE" disable="false" continueOnError="false" successCodeList="0 3010" description="" startIn="">
          <action>cscript.exe "%SCRIPTROOT%\LTIApply.wsf" /PE /STAGE</action>
          <defaultVarList>
            <variable name="RunAsUser" property="RunAsUser">false</variable>
            <variable name="SMSTSRunCommandLineUserName" property="SMSTSRunCommandLineUserName"></variable>
            <variable name="SMSTSRunCommandLineUserPassword" property="SMSTSRunCommandLineUserPassword"></variable>
            <variable name="LoadProfile" property="LoadProfile">false</variable>
          </defaultVarList>
        </step>
        <step name="Add mass storage drivers to sysprep.inf for XP and 2003" disable="false" continueOnError="false" successCodeList="0 3010" description="" startIn="">
          <action>cscript.exe "%SCRIPTROOT%\ZTIDrivers.wsf"</action>
          <defaultVarList>
            <variable name="RunAsUser" property="RunAsUser">false</variable>
            <variable name="SMSTSRunCommandLineUserName" property="SMSTSRunCommandLineUserName"></variable>
            <variable name="SMSTSRunCommandLineUserPassword" property="SMSTSRunCommandLineUserPassword"></variable>
            <variable name="LoadProfile" property="LoadProfile">false</variable>
          </defaultVarList>
        </step>
        <step name="Execute Sysprep" disable="false" continueOnError="false" successCodeList="0 3010" description="" startIn="">
          <action>cscript.exe "%SCRIPTROOT%\LTISysprep.wsf"</action>
          <defaultVarList>
            <variable name="RunAsUser" property="RunAsUser">false</variable>
            <variable name="SMSTSRunCommandLineUserName" property="SMSTSRunCommandLineUserName"></variable>
            <variable name="SMSTSRunCommandLineUserPassword" property="SMSTSRunCommandLineUserPassword"></variable>
            <variable name="LoadProfile" property="LoadProfile">false</variable>
          </defaultVarList>
        </step>
        <step name="Apply Windows PE (BCD)" disable="false" continueOnError="false" successCodeList="0 3010" description="" startIn="">
          <action>cscript.exe "%_SMSTSMDataPath%\Scripts\LTIApply.wsf" /PE /BCD</action>
          <condition>
            <expression type="SMS_TaskSequence_VariableConditionExpression">
              <variable name="Variable">ImageBuild</variable>
              <variable name="Operator">greaterEqual</variable>
              <variable name="Value">6</variable>
            </expression>
          </condition>
          <defaultVarList>
            <variable name="RunAsUser" property="RunAsUser">false</variable>
            <variable name="SMSTSRunCommandLineUserName" property="SMSTSRunCommandLineUserName"></variable>
            <variable name="SMSTSRunCommandLineUserPassword" property="SMSTSRunCommandLineUserPassword"></variable>
            <variable name="LoadProfile" property="LoadProfile">false</variable>
          </defaultVarList>
        </step>
        <step type="SMS_TaskSequence_RebootAction" name="Restart computer" description="" disable="false" continueOnError="false" runIn="WinPEandFullOS" successCodeList="0 3010">
          <defaultVarList>
            <variable name="Message" property="Message"></variable>
            <variable name="MessageTimeout" property="MessageTimeout">60</variable>
            <variable name="Target" property="Target"></variable>
          </defaultVarList>
          <action>smsboot.exe /target:WinPE</action>
        </step>
        <step type="BDD_Gather" name="Gather local only" disable="false" continueOnError="false" successCodeList="0 3010" description="" startIn="">
          <defaultVarList>
            <variable name="GatherLocalOnly" property="GatherLocalOnly">true</variable>
            <variable name="RulesFile" property="RulesFile"></variable>
          </defaultVarList>
          <action>cscript.exe "%SCRIPTROOT%\ZTIGather.wsf"</action>
        </step>
        <step name="Create WIM" disable="true" continueOnError="false" successCodeList="0 3010" description="" startIn="">
          <action>cscript.exe "%SCRIPTROOT%\ZTIBackup.wsf"</action>
          <defaultVarList>
            <variable name="RunAsUser" property="RunAsUser">false</variable>
            <variable name="SMSTSRunCommandLineUserName" property="SMSTSRunCommandLineUserName"></variable>
            <variable name="SMSTSRunCommandLineUserPassword" property="SMSTSRunCommandLineUserPassword"></variable>
            <variable name="LoadProfile" property="LoadProfile">false</variable>
          </defaultVarList>
        </step>
      </group>
    </group>
  </group>
  <step name="Copy cmtrace.exe to system32\" disable="false" continueOnError="true" successCodeList="0 3010" description="" startIn="">
    <action>cmd.exe /c copy /y "%SCRIPTROOT%\cmtrace.exe" "%WinDir%\system32\"</action>
    <defaultVarList>
      <variable name="RunAsUser" property="RunAsUser">false</variable>
      <variable name="SMSTSRunCommandLineUserName" property="SMSTSRunCommandLineUserName"></variable>
      <variable name="SMSTSRunCommandLineUserPassword" property="SMSTSRunCommandLineUserPassword"></variable>
      <variable name="LoadProfile" property="LoadProfile">false</variable>
    </defaultVarList>
    <condition />
  </step>
  <step type="SMS_TaskSequence_RunCommandLineAction" name="Copy SMSTSLog to %LOGPATH%" description="" disable="false" continueOnError="true" startIn="" successCodeList="0 3010" runIn="WinPEandFullOS">
    <defaultVarList>
      <variable name="PackageID" property="PackageID" />
      <variable name="RunAsUser" property="RunAsUser">false</variable>
      <variable name="SMSTSRunCommandLineUserName" property="SMSTSRunCommandLineUserName"></variable>
      <variable name="SMSTSRunCommandLineUserPassword" property="SMSTSRunCommandLineUserPassword"></variable>
      <variable name="LoadProfile" property="LoadProfile">false</variable>
    </defaultVarList>
    <action>cmd.exe /c copy /y "%temp%\SMSTSLog\smsts.log" "%LOGPATH%\"</action>
  </step>
</sequence>